symbol,subreddit,date,title,score,num_comments,upvote_ratio,created_utc,permalink
SOFI,u_Green-Election-6123,2026-02-15,Ferrari (RACE) ya se puede operar en BingX TradeFi ‚Äî thoughts?,1,0,1.0,1771146547.0,/r/u_Green-Election-6123/comments/1r5a4l7/ferrari_race_ya_se_puede_operar_en_bingx_tradefi/
SOFI,Failed_Startups,2026-02-15,"The ""SaaSpocalypse"" isn't just for public stocks. If you are building a seat-based B2B app right now, you are building a corpse. ü™¶",1,0,1.0,1771146514.0,/r/Failed_Startups/comments/1r5a4ar/the_saaspocalypse_isnt_just_for_public_stocks_if/
SOFI,jualbeliindonesia,2026-02-15,WTS IPhone 16 Pro Max 512GB (BH93%) Utamakan COD,1,0,1.0,1771146497.0,/r/jualbeliindonesia/comments/1r5a459/wts_iphone_16_pro_max_512gb_bh93_utamakan_cod/
SOFI,NinjaKitchenRestocks,2026-02-15,Ninja SLUSHi Professional Frozen Drink Maker - FS300 is in stock at Walmart for $229.00 (Less than MSRP) (originally $299.00),1,0,1.0,1771146453.0,/r/NinjaKitchenRestocks/comments/1r5a3mt/ninja_slushi_professional_frozen_drink_maker/
SOFI,Endfield,2026-02-15,be sure to buy this at stock redistribution,1,1,1.0,1771146421.0,/r/Endfield/comments/1r5a3ao/be_sure_to_buy_this_at_stock_redistribution/
SOFI,UKPersonalFinance,2026-02-15,How am I doing financially? Where can I improve?,0,1,0.5,1771146397.0,/r/UKPersonalFinance/comments/1r5a31o/how_am_i_doing_financially_where_can_i_improve/
SOFI,CarTalkUK,2026-02-15,Anyone on here got experience with BMW F30?,1,0,1.0,1771146364.0,/r/CarTalkUK/comments/1r5a2r2/anyone_on_here_got_experience_with_bmw_f30/
SOFI,UKPersonalFinance,2026-02-15,20 year old UK student - Where should I keep my money?,2,0,1.0,1771146351.0,/r/UKPersonalFinance/comments/1r5a2mx/20_year_old_uk_student_where_should_i_keep_my/
SOFI,scx30,2026-02-15,Fedco/rcAwd beadlocks,1,0,1.0,1771146309.0,/r/scx30/comments/1r5a288/fedcorcawd_beadlocks/
SOFI,fiaustralia,2026-02-15,Who do you think is the best overall broker for ASX and US stock investing ?,1,0,1.0,1771146299.0,/r/fiaustralia/comments/1r5a24p/who_do_you_think_is_the_best_overall_broker_for/
SOFI,CameraRestocks,2026-02-15,Canon PowerShot G7 X Mark III - Silver is in stock at Canon for $879.99 (About MSRP),1,0,1.0,1771146265.0,/r/CameraRestocks/comments/1r5a1sf/canon_powershot_g7_x_mark_iii_silver_is_in_stock/
SOFI,Superstonk,2026-02-15,"Michael Burry, New Article on substack: My short form thoughts on the market including a take on $GME acquisition possibilities on Feb 2nd",6,2,0.8,1771146251.0,/r/Superstonk/comments/1r5a1ns/michael_burry_new_article_on_substack_my_short/
SOFI,MiniverseRestocks,2026-02-15,MGA's Miniverse Make It Mini Halloween - Beetlejuice is in stock at Walmart for $9.97 (MSRP),1,0,1.0,1771146232.0,/r/MiniverseRestocks/comments/1r5a1gr/mgas_miniverse_make_it_mini_halloween_beetlejuice/
SOFI,fountainpens,2026-02-15,What caused this hole?,2,0,1.0,1771146221.0,/r/fountainpens/comments/1r5a1d2/what_caused_this_hole/
SOFI,teslareferralcode,2026-02-15,"Save up to $1000 or get 3 months of free FSD with my referral link! Add other incentives for even bigger savings, like 0% APR and $1000‚Äôs in potential inventory discounts.",1,0,1.0,1771146091.0,/r/teslareferralcode/comments/1r5a05o/save_up_to_1000_or_get_3_months_of_free_fsd_with/
SOFI,KrakenRobotics,2026-02-15,"[DAILY Stock Discussion] Post Here with Updates on Stock Price, Buys, Wins, and Losses",1,0,1.0,1771146068.0,/r/KrakenRobotics/comments/1r59zyb/daily_stock_discussion_post_here_with_updates_on/
SOFI,SimSettlements,2026-02-15,Assigning Ronnie Shaw,1,0,1.0,1771146056.0,/r/SimSettlements/comments/1r59zt8/assigning_ronnie_shaw/
SOFI,TeamRKT,2026-02-15,"Mod Notes and Weekly Discussion Thread! - February 15, 2026",1,0,1.0,1771146010.0,/r/TeamRKT/comments/1r59z98/mod_notes_and_weekly_discussion_thread_february/
SOFI,keto,2026-02-15,[2026-02-15] - [Stocking Stuffer Sunday] ‚Äì Fun Keto Victories,2,0,1.0,1771146005.0,/r/keto/comments/1r59z72/20260215_stocking_stuffer_sunday_fun_keto/
SOFI,VosSous,2026-02-15,PEA,1,2,1.0,1771145975.0,/r/VosSous/comments/1r59ywa/pea/
SOFI,wallstreetbetsGER,2026-02-15,Niederlande planen Steuer auf nicht realisierte Gewinne ‚Äì 36 % ab 2028? WTF üò≥,1,2,0.67,1771145939.0,/r/wallstreetbetsGER/comments/1r59yjv/niederlande_planen_steuer_auf_nicht_realisierte/
SOFI,Webull,2026-02-15,How to refresh the purchase price (Stop and Limit prices) in the Trade window faster?,1,0,1.0,1771145932.0,/r/Webull/comments/1r59yhj/how_to_refresh_the_purchase_price_stop_and_limit/
SOFI,IndianBeautyTalks,2026-02-15,redditors do your thing and help me find a legit website to buy this from!!,0,0,0.5,1771145903.0,/r/IndianBeautyTalks/comments/1r59y8b/redditors_do_your_thing_and_help_me_find_a_legit/
SOFI,complaints,2026-02-15,"Unfortunately this is how all of MAGA thinks. As long as they‚Äôre putting money into their pockets and making America into a Nazi regime, rape victims don‚Äôt matter.",0,0,0.5,1771145892.0,/r/complaints/comments/1r59y4p/unfortunately_this_is_how_all_of_maga_thinks_as/
SOFI,MyWinterCar,2026-02-15,What springs are the best for stock poverty spec rivett?,1,0,1.0,1771145824.0,/r/MyWinterCar/comments/1r59xhh/what_springs_are_the_best_for_stock_poverty_spec/
SOFI,balatro,2026-02-15,What would yo do here?,2,1,1.0,1771145821.0,/r/balatro/comments/1r59xgh/what_would_yo_do_here/
SOFI,MiniverseRestocks,2026-02-15,MGA's Miniverse Make It Mini Valentine's 2025 is in stock at Walmart for $9.99 (MSRP),1,0,1.0,1771145770.0,/r/MiniverseRestocks/comments/1r59wyv/mgas_miniverse_make_it_mini_valentines_2025_is_in/
SOFI,SolidMen,2026-02-15,How to Be a High-Value Woman: The Psychology That Actually Works (Not the BS You See Online),1,0,1.0,1771145731.0,/r/SolidMen/comments/1r59wmj/how_to_be_a_highvalue_woman_the_psychology_that/
SOFI,ArcRaidersMarketplace,2026-02-15,Make an offer,1,0,1.0,1771145721.0,/r/ArcRaidersMarketplace/comments/1r59wj3/make_an_offer/
SOFI,memes,2026-02-15,"One more thing,",2,0,1.0,1771145676.0,/r/memes/comments/1r59w3y/one_more_thing/
SOFI,CheapGptplus,2026-02-15,LinkedIn Premium 12M @discount (PayPal G&amp;S accepted),1,0,1.0,1771145615.0,/r/CheapGptplus/comments/1r59vk9/linkedin_premium_12m_discount_paypal_gs_accepted/
SOFI,ArcTradersHQ,2026-02-15,Make an offer,1,0,1.0,1771145610.0,/r/ArcTradersHQ/comments/1r59vi6/make_an_offer/
SOFI,nethack,2026-02-15,"[YAAP] A rough end, but my second ascension.",3,0,1.0,1771145584.0,/r/nethack/comments/1r59v9q/yaap_a_rough_end_but_my_second_ascension/
SOFI,Prebuilts,2026-02-15,Thoughts on this for streaming ?,1,1,1.0,1771145582.0,/r/Prebuilts/comments/1r59v9d/thoughts_on_this_for_streaming/
SOFI,u_Alternative-Bag9903,2026-02-15,"r/PATH After consulting with you, I increased my positions.",1,0,1.0,1771145557.0,/r/u_Alternative-Bag9903/comments/1r59v16/rpath_after_consulting_with_you_i_increased_my/
SOFI,parkingguides,2026-02-15,"Parking tips for San Antonio Stock Show &amp; Rodeo Box-ledge, Theater, Lower Resale Event at Frost Bank Center (San Antonio 02/16)",1,0,1.0,1771145548.0,/r/parkingguides/comments/1r59uye/parking_tips_for_san_antonio_stock_show_rodeo/
SOFI,GeminiAI,2026-02-15,A letter to Google and a letter humanity by Gemini 3.0 PRO,3,5,0.8,1771145534.0,/r/GeminiAI/comments/1r59uur/a_letter_to_google_and_a_letter_humanity_by/
SOFI,developersIndia,2026-02-15,[Student] Seeking suggestions on resume(cse fresher),1,2,1.0,1771145531.0,/r/developersIndia/comments/1r59utm/student_seeking_suggestions_on_resumecse_fresher/
SOFI,caloriecount,2026-02-15,I‚Äôm so confused by this can someone help me please,1,4,1.0,1771145512.0,/r/caloriecount/comments/1r59unw/im_so_confused_by_this_can_someone_help_me_please/
SOFI,FischRoblox,2026-02-15,Trading Sweet Lovestorm Turtles!,1,0,1.0,1771145508.0,/r/FischRoblox/comments/1r59umd/trading_sweet_lovestorm_turtles/
SOFI,Talaria,2026-02-15,All Talarias sold out on Alibaba,1,2,1.0,1771145484.0,/r/Talaria/comments/1r59ue1/all_talarias_sold_out_on_alibaba/
SOFI,stealabrainrot,2026-02-15,"lf capitano mobys, reinito, trading stock, frag, la casa boo, and more",1,3,1.0,1771145467.0,/r/stealabrainrot/comments/1r59u8k/lf_capitano_mobys_reinito_trading_stock_frag_la/
SOFI,AliExpressCode,2026-02-15,AliExpress Spring Sale Promo Codes Are Live! February 2026  AliExpress Coupons,20,1,0.91,1771145419.0,/r/AliExpressCode/comments/1r59trb/aliexpress_spring_sale_promo_codes_are_live/
SOFI,InnerCircleTraders,2026-02-15,How to make entry in this setup?,1,0,1.0,1771145402.0,/r/InnerCircleTraders/comments/1r59tlx/how_to_make_entry_in_this_setup/
SOFI,granturismo,2026-02-15,20mil car has Hagarty indicator that the price will increase,2,0,1.0,1771145373.0,/r/granturismo/comments/1r59tbd/20mil_car_has_hagarty_indicator_that_the_price/
SOFI,Cairn_Game,2026-02-15,Bruh that takes some effort yall crazy with your 20+ fish,5,1,1.0,1771145370.0,/r/Cairn_Game/comments/1r59tao/bruh_that_takes_some_effort_yall_crazy_with_your/
SOFI,Market76,2026-02-15,H:epr flamer W:25 leader,1,1,1.0,1771145322.0,/r/Market76/comments/1r59suf/hepr_flamer_w25_leader/
SOFI,CalorieEstimates,2026-02-15,I‚Äôm so confused about this can someone help me?,1,0,1.0,1771145298.0,/r/CalorieEstimates/comments/1r59sm2/im_so_confused_about_this_can_someone_help_me/
SOFI,MiniverseRestocks,2026-02-15,MGA's Miniverse Make It Mini Valentine's 2025 is in stock at Walmart for $9.99 (MSRP),1,0,1.0,1771145280.0,/r/MiniverseRestocks/comments/1r59sfw/mgas_miniverse_make_it_mini_valentines_2025_is_in/
SOFI,Pennystock,2026-02-15,"$OPAD: Institutional backing at $1.80, AI heavyweight hire, and a 52-week high of $6.35. Why is this still $0.80?",2,2,1.0,1771145214.0,/r/Pennystock/comments/1r59rte/opad_institutional_backing_at_180_ai_heavyweight/
SOFI,ARCTraiders,2026-02-15,"H: PIC'S W: Vulcano, Vita Spray, Silencer 1, Tactical MK3 Revival, Lightweight stock",1,0,1.0,1771145202.0,/r/ARCTraiders/comments/1r59rox/h_pics_w_vulcano_vita_spray_silencer_1_tactical/
SOFI,ArcTradersHQ,2026-02-15,"H: PIC'S W: Vulcano, Vita Spray, Silencer 1, Tactical MK3 Revival, Lightweight stock",1,0,1.0,1771145178.0,/r/ArcTradersHQ/comments/1r59rgd/h_pics_w_vulcano_vita_spray_silencer_1_tactical/
SOFI,drivezonersmobile,2026-02-15,For sale,1,0,1.0,1771145168.0,/r/drivezonersmobile/comments/1r59rdg/for_sale/
SOFI,TopsideMerchantUnion,2026-02-15,"H: PIC'S W: Vulcano, Vita Spray, Silencer 1, Tactical MK3 Revival, Lightweight stock",1,0,1.0,1771145156.0,/r/TopsideMerchantUnion/comments/1r59r9l/h_pics_w_vulcano_vita_spray_silencer_1_tactical/
SOFI,CostcoUK,2026-02-15,"Price of LG OLED 42""",1,1,1.0,1771145145.0,/r/CostcoUK/comments/1r59r59/price_of_lg_oled_42/
SOFI,TwentiesIndia,2026-02-15,India's NSE appoints Rothschild as independent advisor for IPO,2,2,1.0,1771145142.0,/r/TwentiesIndia/comments/1r59r4k/indias_nse_appoints_rothschild_as_independent/
SOFI,arc_traiders,2026-02-15,"H: PIC'S W: Vulcano, Vita Spray, Silencer 1, Tactical MK3 Revival, Lightweight stock",1,1,1.0,1771145134.0,/r/arc_traiders/comments/1r59r1u/h_pics_w_vulcano_vita_spray_silencer_1_tactical/
SOFI,insiderData,2026-02-15,üü¢ Rep. Kelly Morrison Just Bought Advanced Machine Intelligence Labs (AMI) ‚Äî Fresh AI Money Hitting the Market,0,0,0.5,1771145131.0,/r/insiderData/comments/1r59r0b/rep_kelly_morrison_just_bought_advanced_machine/
SOFI,ForzaHorizon,2026-02-15,OH MY GOD,0,2,0.5,1771145119.0,/r/ForzaHorizon/comments/1r59qvi/oh_my_god/
SOFI,GasBlowBack,2026-02-15,bad kmp9 feed nozzle?,1,0,1.0,1771145091.0,/r/GasBlowBack/comments/1r59qmk/bad_kmp9_feed_nozzle/
SOFI,oneplusnord,2026-02-15,Switched from iPhone back to Android ‚Äî went with OnePlus Nord 5,2,3,1.0,1771145087.0,/r/oneplusnord/comments/1r59ql3/switched_from_iphone_back_to_android_went_with/
SOFI,bloxfruits,2026-02-15,Trex is broken guys.,0,3,0.5,1771145085.0,/r/bloxfruits/comments/1r59qkk/trex_is_broken_guys/
SOFI,skincare_ph,2026-02-15,Moringa (malunggay) cleared up my acne,1,1,1.0,1771145035.0,/r/skincare_ph/comments/1r59q2q/moringa_malunggay_cleared_up_my_acne/
SOFI,Honor,2026-02-15,Does the Honor X5c PLus has a stock screen protector?,3,4,1.0,1771145025.0,/r/Honor/comments/1r59pyq/does_the_honor_x5c_plus_has_a_stock_screen/
SOFI,LandCruisers,2026-02-15,"Torn between black steelies or the same rims after lift, suggestions?",3,2,1.0,1771144998.0,/r/LandCruisers/comments/1r59poo/torn_between_black_steelies_or_the_same_rims/
SOFI,AskBootsFound,2026-02-15,Boots Exclusive Products ‚Äì Are They Actually Worth It?,1,0,1.0,1771144996.0,/r/AskBootsFound/comments/1r59pnr/boots_exclusive_products_are_they_actually_worth/
SOFI,aiHub,2026-02-15,A letter to Google and a letter humanity by Gemini 3.0 PRO,1,0,1.0,1771144927.0,/r/aiHub/comments/1r59p0g/a_letter_to_google_and_a_letter_humanity_by/
SOFI,IndianTeenagers,2026-02-15,India's NSE appoints Rothschild as independent advisor for IPO,1,4,1.0,1771144921.0,/r/IndianTeenagers/comments/1r59oyc/indias_nse_appoints_rothschild_as_independent/
SOFI,irishpersonalfinance,2026-02-15,What to do with significant cash holdings?,5,9,0.73,1771144838.0,/r/irishpersonalfinance/comments/1r59o64/what_to_do_with_significant_cash_holdings/
SOFI,canon,2026-02-15,Is this good for someone who wanna start shooting ?,0,18,0.29,1771144819.0,/r/canon/comments/1r59nyz/is_this_good_for_someone_who_wanna_start_shooting/
SOFI,espresso,2026-02-15,"Normcore's portafilter doesn‚Äôt fit my Touch Impress [Sage Barista Touch Impress, Normcore 54mm BP]",0,1,0.5,1771144798.0,/r/espresso/comments/1r59nqv/normcores_portafilter_doesnt_fit_my_touch_impress/
SOFI,financialbooklet,2026-02-15,"üìä üìà Financial Market Update - Sunday, February 15, 2026 - Top 4 Stories You Need to Know",1,0,1.0,1771144793.0,/r/financialbooklet/comments/1r59np8/financial_market_update_sunday_february_15_2026/
SOFI,PMDD,2026-02-15,HRT out of stock in Poland,1,0,1.0,1771144742.0,/r/PMDD/comments/1r59n79/hrt_out_of_stock_in_poland/
SOFI,CryptoReferrals,2026-02-15,earn up to ‚Ç¨100 for registering Trading 212,1,0,1.0,1771144689.0,/r/CryptoReferrals/comments/1r59mpc/earn_up_to_100_for_registering_trading_212/
SOFI,BrevilleCoffee,2026-02-15,"Normcore's portafilter doesn‚Äôt fit my Touch Impress [Sage Barista Touch Impress, Normcore 54mm BP]",1,1,1.0,1771144686.0,/r/BrevilleCoffee/comments/1r59mnx/normcores_portafilter_doesnt_fit_my_touch_impress/
SOFI,GPURestockAlerts,2026-02-15,"MSI NVIDIA RTX 5080 GAMING TRIO OC is in stock at Amazon for $1,669.00 (+$30 shipping) (Above MSRP)",1,0,1.0,1771144664.0,/r/GPURestockAlerts/comments/1r59mh3/msi_nvidia_rtx_5080_gaming_trio_oc_is_in_stock_at/
SOFI,SovolSV08,2026-02-15,SV08 ST-Link can't connect to mainboard MCU ‚Äî H616_JC_62_V1.3,1,2,1.0,1771144650.0,/r/SovolSV08/comments/1r59mcf/sv08_stlink_cant_connect_to_mainboard_mcu_h616_jc/
SOFI,CarAV,2026-02-15,After market subwoofer in Lexus,1,0,1.0,1771144646.0,/r/CarAV/comments/1r59mav/after_market_subwoofer_in_lexus/
SOFI,ClimbingCircleJerk,2026-02-15,true love Honnold style,18,2,1.0,1771144646.0,/r/ClimbingCircleJerk/comments/1r59mau/true_love_honnold_style/
SOFI,personalfinanceindia,2026-02-15,How do you allocate 52 lac savings and 2.9L/month salary?,0,2,0.5,1771144641.0,/r/personalfinanceindia/comments/1r59m9o/how_do_you_allocate_52_lac_savings_and_29lmonth/
SOFI,premarketStockTraders,2026-02-15,Research tools,2,0,1.0,1771144636.0,/r/premarketStockTraders/comments/1r59m7g/research_tools/
SOFI,Metroid,2026-02-15,Do you think the remakes/remasters are worth it?,2,2,1.0,1771144635.0,/r/Metroid/comments/1r59m7c/do_you_think_the_remakesremasters_are_worth_it/
SOFI,ramen,2026-02-15,Miso Ramen attempt‚Ä¶,19,0,1.0,1771144617.0,/r/ramen/comments/1r59m0r/miso_ramen_attempt/
SOFI,MiniverseRestocks,2026-02-15,MGA's Miniverse Make It Mini Valentine's 2025 is in stock at Walmart for $9.99 (MSRP),1,0,1.0,1771144574.0,/r/MiniverseRestocks/comments/1r59lm1/mgas_miniverse_make_it_mini_valentines_2025_is_in/
SOFI,NSEbets,2026-02-15,"Relative Strength Strategy : Check it out, its good if you have the temperament to hold through down periods.",1,1,1.0,1771144552.0,/r/NSEbets/comments/1r59le2/relative_strength_strategy_check_it_out_its_good/
SOFI,CodiciAmicoITA,2026-02-15,guadagna fino a ‚Ç¨100 per registrarti a Trading 212,1,0,1.0,1771144466.0,/r/CodiciAmicoITA/comments/1r59kjk/guadagna_fino_a_100_per_registrarti_a_trading_212/
SOFI,datarecovery,2026-02-15,Old LaCie External Drive ‚Äì Missing Power Adapter ‚Äì Need Help Identifying Model,2,2,1.0,1771144460.0,/r/datarecovery/comments/1r59khm/old_lacie_external_drive_missing_power_adapter/
SOFI,ArcRaidersMarketplace,2026-02-15,This is my collection I‚Äôm looking to trade. What I need is in the description.,1,2,1.0,1771144447.0,/r/ArcRaidersMarketplace/comments/1r59kd8/this_is_my_collection_im_looking_to_trade_what_i/
SOFI,u_NightmareNarratives-,2026-02-15,3 Gas Station Night Shift Horror Stories,1,0,1.0,1771144442.0,/r/u_NightmareNarratives-/comments/1r59kbj/3_gas_station_night_shift_horror_stories/
SOFI,Austria,2026-02-15,Immer mehr Singles: Bereits jeder dritte Tiroler wohnt alleine daheim,14,9,1.0,1771144342.0,/r/Austria/comments/1r59jck/immer_mehr_singles_bereits_jeder_dritte_tiroler/
SOFI,MiniverseRestocks,2026-02-15,MGA's Miniverse Make It Mini Valentine's 2025 is in stock at Walmart for $9.99 (MSRP),1,0,1.0,1771144196.0,/r/MiniverseRestocks/comments/1r59hu3/mgas_miniverse_make_it_mini_valentines_2025_is_in/
SOFI,CriticalMineralStocks,2026-02-15,METC Mineral/Metal Stock?,0,4,0.5,1771144085.0,/r/CriticalMineralStocks/comments/1r59gs6/metc_mineralmetal_stock/
SOFI,M1A,2026-02-15,"Blackfeather¬Æ ""RS"" MOD 2",2,0,1.0,1771144012.0,/r/M1A/comments/1r59g0t/blackfeather_rs_mod_2/
SOFI,aliexpressfinds,2026-02-15,AliExpress February 2026 Promo Codes For The Spring Sale Are Live! Collect Them Before They Run Out Of Stock! (Up To 15% Off Global Coupon Codes) [USD &amp; EUR &amp; CAD &amp; GBP &amp; AUD],1,0,1.0,1771143995.0,/r/aliexpressfinds/comments/1r59fv4/aliexpress_february_2026_promo_codes_for_the/
SOFI,tradfi,2026-02-15,Update #1,1,0,1.0,1771143949.0,/r/tradfi/comments/1r59fg0/update_1/
SOFI,PHGamers,2026-02-15,AYN Thor purchasing timeline,1,2,1.0,1771143931.0,/r/PHGamers/comments/1r59f9b/ayn_thor_purchasing_timeline/
SOFI,elgato,2026-02-15,Elgato Gear / Out of stock,1,1,1.0,1771143918.0,/r/elgato/comments/1r59f4a/elgato_gear_out_of_stock/
SOFI,parkingguides,2026-02-15,Parking tips for San Antonio Stock Show &amp; Rodeo at Frost Bank Center (San Antonio 02/15),1,0,1.0,1771143870.0,/r/parkingguides/comments/1r59emr/parking_tips_for_san_antonio_stock_show_rodeo_at/
SOFI,Bangkok,2026-02-15,Thai TAX ID on a DTV - How to get one?,0,7,0.5,1771143851.0,/r/Bangkok/comments/1r59egl/thai_tax_id_on_a_dtv_how_to_get_one/
SOFI,herbalism,2026-02-15,Moringa cured my acne,2,2,1.0,1771143816.0,/r/herbalism/comments/1r59e3w/moringa_cured_my_acne/
SOFI,wallstreetbets,2026-02-03,Is there any hope?,432,382,0.9,1770147261.0,/r/wallstreetbets/comments/1qv1rfl/is_there_any_hope/
SOFI,wallstreetbets,2026-02-02,Forex's a hell of a drug,99,33,0.79,1769995407.0,/r/wallstreetbets/comments/1qth4r2/forexs_a_hell_of_a_drug/
SOFI,stocks,2026-02-13,Reddit‚Äôs top 30 stock. What do you think of it after 1+ month?,336,161,0.91,1770989282.0,/r/stocks/comments/1r3p5a7/reddits_top_30_stock_what_do_you_think_of_it/
SOFI,stocks,2026-02-05,"Sharing my learnings - learnt about 'collar' trade, applied to my biggest winners. Saved me lot of pain (and gains).",9,6,0.68,1770272622.0,/r/stocks/comments/1qwdrfu/sharing_my_learnings_learnt_about_collar_trade/
SOFI,stocks,2026-02-04,Zoom Out A Month,0,24,0.4,1770227030.0,/r/stocks/comments/1qvva38/zoom_out_a_month/
SOFI,investing,2026-02-06,Individual stocks in HSA now,5,4,0.86,1770345599.0,/r/investing/comments/1qx5lwx/individual_stocks_in_hsa_now/
SOFI,options,2026-02-14,Swing trading/Leaps ideas,15,26,0.8,1771039607.0,/r/options/comments/1r49ut1/swing_tradingleaps_ideas/
SOFI,options,2026-02-05,Screwed up on Sofi,24,60,0.77,1770253610.0,/r/options/comments/1qw70w7/screwed_up_on_sofi/
SOFI,sofi,2026-02-15,SoFi refinance loan,2,1,1.0,1771127741.0,/r/sofi/comments/1r54ql9/sofi_refinance_loan/
SOFI,sofi,2026-02-15,Paid Off Personal Loan,8,1,0.9,1771118564.0,/r/sofi/comments/1r51oyz/paid_off_personal_loan/
SOFI,sofi,2026-02-15,Sofi//Zelle,2,14,0.58,1771116908.0,/r/sofi/comments/1r514ln/sofizelle/
SOFI,sofi,2026-02-14,"Sold iPhone to BackMarket, money never made it to SoFi",0,3,0.43,1771105419.0,/r/sofi/comments/1r4wtfw/sold_iphone_to_backmarket_money_never_made_it_to/
SOFI,sofi,2026-02-14,SoFi SCAM,0,7,0.17,1771091219.0,/r/sofi/comments/1r4qyds/sofi_scam/
SOFI,sofi,2026-02-14,Payment question,1,2,0.67,1771078650.0,/r/sofi/comments/1r4lqqd/payment_question/
SOFI,sofi,2026-02-14,Apex Clearing Import TurboTax,1,6,0.67,1771065916.0,/r/sofi/comments/1r4hm97/apex_clearing_import_turbotax/
SOFI,sofi,2026-02-14,When you open an account with SoFi do you have to manually request a debit card or is it sent automatically?,0,9,0.5,1771050871.0,/r/sofi/comments/1r4dhmi/when_you_open_an_account_with_sofi_do_you_have_to/
SOFI,sofi,2026-02-14,Physician mortgages?,0,1,0.38,1771037491.0,/r/sofi/comments/1r494cd/physician_mortgages/
SOFI,sofi,2026-02-14,Bad experience with Sofi Hole Equity Line of Credit,0,3,0.25,1771035746.0,/r/sofi/comments/1r48hrb/bad_experience_with_sofi_hole_equity_line_of/
SOFI,sofi,2026-02-13,-Doing the math: Is SoFi Plus worth it if you are just a HYSA customer?,20,42,0.83,1771004613.0,/r/sofi/comments/1r3vrzt/doing_the_math_is_sofi_plus_worth_it_if_you_are/
SOFI,sofi,2026-02-13,Transfer to PayPal Savings Repeatedly Marked as Suspicious,1,3,0.56,1771000564.0,/r/sofi/comments/1r3tyz5/transfer_to_paypal_savings_repeatedly_marked_as/
SOFI,sofi,2026-02-13,My first contract. Only 20 dollars profit.,0,6,0.43,1770998966.0,/r/sofi/comments/1r3t8ou/my_first_contract_only_20_dollars_profit/
SOFI,sofi,2026-02-13,Reddit is fun!,116,22,0.94,1770994762.0,/r/sofi/comments/1r3rd48/reddit_is_fun/
SOFI,sofi,2026-02-13,Setup autopay thru app,1,2,0.66,1770991852.0,/r/sofi/comments/1r3q5zq/setup_autopay_thru_app/
SOFI,sofi,2026-02-13,No Direct Deposit yet,3,3,0.8,1770986895.0,/r/sofi/comments/1r3o9qi/no_direct_deposit_yet/
SOFI,sofi,2026-02-13,SoFi (SOFI): Great Business. Bad Price?,0,1,0.5,1770973376.0,/r/sofi/comments/1r3kef1/sofi_sofi_great_business_bad_price/
SOFI,sofi,2026-02-13,It better happen soon,0,6,0.33,1770969602.0,/r/sofi/comments/1r3je5o/it_better_happen_soon/
SOFI,sofi,2026-02-13,Stop recategorizing my transactions,14,4,1.0,1770956795.0,/r/sofi/comments/1r3fkkb/stop_recategorizing_my_transactions/
SOFI,sofi,2026-02-13,Car rental deposit,2,3,0.75,1770943438.0,/r/sofi/comments/1r3au54/car_rental_deposit/
SOFI,sofi,2026-02-12,Account hacked today,0,20,0.39,1770939109.0,/r/sofi/comments/1r395tt/account_hacked_today/
SOFI,sofi,2026-02-12,SoFi Closed my Account :(,0,23,0.4,1770937191.0,/r/sofi/comments/1r38d04/sofi_closed_my_account/
SOFI,sofi,2026-02-12,Dividends Move To Checking?,2,3,0.75,1770933162.0,/r/sofi/comments/1r36nww/dividends_move_to_checking/
SOFI,sofi,2026-02-12,SoFi Vaults,2,7,0.67,1770932178.0,/r/sofi/comments/1r3695u/sofi_vaults/
SOFI,sofi,2026-02-12,"Thank you SOFI! Personal loan approved, credit score has gone way up and now I can pay down my debt!!!",67,45,0.8,1770929750.0,/r/sofi/comments/1r356xu/thank_you_sofi_personal_loan_approved_credit/
SOFI,sofi,2026-02-12,Might be the end for our family,198,105,0.9,1770925186.0,/r/sofi/comments/1r3377x/might_be_the_end_for_our_family/
SOFI,sofi,2026-02-12,Crypto,0,8,0.5,1770923794.0,/r/sofi/comments/1r32l00/crypto/
SOFI,sofi,2026-02-12,"SoFi's response ""Lot Selection"" question",8,6,0.9,1770912422.0,/r/sofi/comments/1r2xf45/sofis_response_lot_selection_question/
SOFI,sofi,2026-02-12,Question about refinancing SoFi student loans with SoFi,4,6,0.83,1770896249.0,/r/sofi/comments/1r2r5pa/question_about_refinancing_sofi_student_loans/
SOFI,sofi,2026-02-12,Referral rewards,3,3,0.72,1770892973.0,/r/sofi/comments/1r2q809/referral_rewards/
SOFI,sofi,2026-02-12,Sofi,0,6,0.5,1770870737.0,/r/sofi/comments/1r2jzve/sofi/
SOFI,sofi,2026-02-12,Late DD,0,32,0.5,1770861707.0,/r/sofi/comments/1r2gssj/late_dd/
SOFI,sofi,2026-02-12,Still no SoFi Plus after DD,0,5,0.33,1770861116.0,/r/sofi/comments/1r2gkvt/still_no_sofi_plus_after_dd/
SOFI,sofi,2026-02-12,Curious,2,4,0.75,1770856678.0,/r/sofi/comments/1r2ext4/curious/
SOFI,sofi,2026-02-12,Sell/Burn Marginal Share?,2,2,0.75,1770855005.0,/r/sofi/comments/1r2eahm/sellburn_marginal_share/
SOFI,sofi,2026-02-11,Bend over!,109,104,0.74,1770853808.0,/r/sofi/comments/1r2dt77/bend_over/
SOFI,sofi,2026-02-11,Mailing a physical check using Bill Pay,0,4,0.29,1770845704.0,/r/sofi/comments/1r2ae3c/mailing_a_physical_check_using_bill_pay/
SOFI,sofi,2026-02-11,How does the closure fee work for an IRA with a $0 balance?,2,6,0.58,1770841153.0,/r/sofi/comments/1r28dko/how_does_the_closure_fee_work_for_an_ira_with_a_0/
SOFI,sofi,2026-02-11,Was there an outage today?,3,8,0.71,1770840276.0,/r/sofi/comments/1r27zka/was_there_an_outage_today/
SOFI,sofi,2026-02-11,Loan sitting in funding stage,3,2,0.8,1770833511.0,/r/sofi/comments/1r24vai/loan_sitting_in_funding_stage/
SOFI,sofi,2026-02-11,If you are choosing to opt out of those new card fees. Their opt-out link doesn't work. Contact their chat or call.,5,5,0.73,1770832088.0,/r/sofi/comments/1r246z8/if_you_are_choosing_to_opt_out_of_those_new_card/
SOFI,sofi,2026-02-11,Need euros‚Äîwhat do I do?,0,22,0.45,1770830860.0,/r/sofi/comments/1r23lzn/need_euroswhat_do_i_do/
SOFI,sofi,2026-02-11,Bill pay via check reliability,0,2,0.29,1770830138.0,/r/sofi/comments/1r239vq/bill_pay_via_check_reliability/
SOFI,sofi,2026-02-11,The SoFi 1% Invest Hack: How to Make Profit on a $10 Fee,0,11,0.3,1770828034.0,/r/sofi/comments/1r22app/the_sofi_1_invest_hack_how_to_make_profit_on_a_10/
SOFI,sofi,2026-02-11,Disabling account/deactivate,0,14,0.29,1770821681.0,/r/sofi/comments/1r1zhiu/disabling_accountdeactivate/
SOFI,sofi,2026-02-11,New SoFi user question,4,16,0.84,1770818792.0,/r/sofi/comments/1r1yadx/new_sofi_user_question/
SOFI,sofi,2026-02-11,Relay,2,2,0.75,1770815730.0,/r/sofi/comments/1r1x2wd/relay/
SOFI,sofi,2026-02-11,Smart card?!?!?,3,2,0.71,1770814252.0,/r/sofi/comments/1r1wj6g/smart_card/
SOFI,sofi,2026-02-11,Can Certain Vaults be Sourced from Certain Regular Deposits?,2,8,0.75,1770784510.0,/r/sofi/comments/1r1nr5g/can_certain_vaults_be_sourced_from_certain/
SOFI,sofi,2026-02-10,Dated posts,0,3,0.42,1770762140.0,/r/sofi/comments/1r1f7nd/dated_posts/
SOFI,sofi,2026-02-10,Spending Insights Updates,7,3,0.89,1770758952.0,/r/sofi/comments/1r1dtdi/spending_insights_updates/
SOFI,sofi,2026-02-10,Spending Insights Updates,5,1,0.86,1770744996.0,/r/u_SoFi/comments/1r17bqy/spending_insights_updates/
SOFI,sofi,2026-02-10,AD pay,0,6,0.5,1770744614.0,/r/sofi/comments/1r175e0/ad_pay/
SOFI,sofi,2026-02-09,SoFi needs teen banking asap,0,6,0.5,1770679793.0,/r/sofi/comments/1r0kcub/sofi_needs_teen_banking_asap/
SOFI,sofi,2026-02-09,2/9 - 2/15 Weekly Feedback and Feature Request Thread,3,12,0.72,1770674490.0,/r/sofi/comments/1r0i2p3/29_215_weekly_feedback_and_feature_request_thread/
SOFI,sofi,2026-02-09,Just got told my account was being closed,0,25,0.33,1770671896.0,/r/sofi/comments/1r0gw4u/just_got_told_my_account_was_being_closed/
SOFI,sofi,2026-02-09,SOFI and Personal Loans,127,11,0.94,1770671031.0,/r/sofi/comments/1r0gi91/sofi_and_personal_loans/
SOFI,sofi,2026-02-09,What's your experience with the Robo Advisor?,0,3,0.5,1770664612.0,/r/sofi/comments/1r0djbv/whats_your_experience_with_the_robo_advisor/
SOFI,sofi,2026-02-09,How to get current APY?,5,17,0.86,1770661217.0,/r/sofi/comments/1r0bxvy/how_to_get_current_apy/
SOFI,sofi,2026-02-09,Search improvement,5,1,0.86,1770660598.0,/r/sofi/comments/1r0bnfh/search_improvement/
SOFI,sofi,2026-02-09,Best Way To Pull Out 5k In Cash?,0,7,0.25,1770655718.0,/r/sofi/comments/1r09c79/best_way_to_pull_out_5k_in_cash/
SOFI,sofi,2026-02-09,Military,0,14,0.29,1770652567.0,/r/sofi/comments/1r07wpu/military/
SOFI,sofi,2026-02-09,Mobile deposit check not going through,1,8,0.6,1770648223.0,/r/sofi/comments/1r0608z/mobile_deposit_check_not_going_through/
SOFI,sofi,2026-02-09,"Buying a car with a large DP, Bank question.. (Sofi for savings, Chase bank as primary bank)",1,12,0.67,1770644419.0,/r/sofi/comments/1r04gxb/buying_a_car_with_a_large_dp_bank_question_sofi/
SOFI,sofi,2026-02-09,Is SoFi actually legit/safe? Just opened an account and feeling unsure,0,32,0.35,1770598102.0,/r/sofi/comments/1qzq1rj/is_sofi_actually_legitsafe_just_opened_an_account/
SOFI,sofi,2026-02-08,Sofi Roth IRA,0,15,0.46,1770583597.0,/r/sofi/comments/1qzkbib/sofi_roth_ira/
SOFI,sofi,2026-02-08,Question about savings account,0,16,0.5,1770564253.0,/r/sofi/comments/1qzboor/question_about_savings_account/
SOFI,sofi,2026-02-08,Savings account for newborn,2,6,0.63,1770510596.0,/r/sofi/comments/1qyu9z8/savings_account_for_newborn/
SOFI,sofi,2026-02-07,SOFI WONT HELP,0,14,0.29,1770500567.0,/r/sofi/comments/1qyqcne/sofi_wont_help/
SOFI,sofi,2026-02-07,How do I set up dividend reinvesting?,2,4,0.75,1770483192.0,/r/sofi/comments/1qyiu5p/how_do_i_set_up_dividend_reinvesting/
SOFI,sofi,2026-02-07,Sofi self directed brokerage referral bonus,1,2,0.67,1770474688.0,/r/sofi/comments/1qyf8yk/sofi_self_directed_brokerage_referral_bonus/
SOFI,sofi,2026-02-07,What happens to my HYSA after March 30?,20,33,0.75,1770445555.0,/r/sofi/comments/1qy6fq6/what_happens_to_my_hysa_after_march_30/
SOFI,sofi,2026-02-07,What should I do with the Sofi IRA match bonus?,2,3,0.75,1770442202.0,/r/sofi/comments/1qy5ds1/what_should_i_do_with_the_sofi_ira_match_bonus/
SOFI,sofi,2026-02-07,"Banks like Sofi, Chime",0,8,0.38,1770439867.0,/r/sofi/comments/1qy4mex/banks_like_sofi_chime/
SOFI,sofi,2026-02-07,Sofi Plus is trying to be the next Amazon Prime,56,96,0.76,1770434068.0,/r/sofi/comments/1qy2n1l/sofi_plus_is_trying_to_be_the_next_amazon_prime/
SOFI,sofi,2026-02-07,Are they going to send me a replacement credit card?,2,6,0.63,1770429353.0,/r/sofi/comments/1qy0xm9/are_they_going_to_send_me_a_replacement_credit/
SOFI,sofi,2026-02-06,Did Sofi live agent just ruin my 2% match?,0,4,0.22,1770412157.0,/r/sofi/comments/1qxu04g/did_sofi_live_agent_just_ruin_my_2_match/
SOFI,sofi,2026-02-06,Getting a late payment warning on loan payment,0,3,0.5,1770411551.0,/r/sofi/comments/1qxtqm3/getting_a_late_payment_warning_on_loan_payment/
SOFI,sofi,2026-02-06,Where to park money i'll need in 2-3 years?,0,2,0.5,1770393411.0,/r/sofi/comments/1qxlf31/where_to_park_money_ill_need_in_23_years/
SOFI,sofi,2026-02-06,Opinions on SoFi financial planners for retirement planning?,4,8,0.83,1770386646.0,/r/sofi/comments/1qxih8b/opinions_on_sofi_financial_planners_for/
SOFI,sofi,2026-02-06,Can I get some help?,0,2,0.3,1770380026.0,/r/sofi/comments/1qxfzlq/can_i_get_some_help/
SOFI,sofi,2026-02-06,crypto question,2,5,0.75,1770347720.0,/r/sofi/comments/1qx6de0/crypto_question/
SOFI,sofi,2026-02-06,Venmo Payments,1,2,0.6,1770345235.0,/r/sofi/comments/1qx5h4t/venmo_payments/
SOFI,sofi,2026-02-06,Plaid Relay NYSaves,1,2,0.67,1770337897.0,/r/sofi/comments/1qx2rf2/plaid_relay_nysaves/
SOFI,sofi,2026-02-05,Is SoFi Bank worth it for a student? Looking for honest reviews/suggestions!,4,11,0.67,1770330824.0,/r/sofi/comments/1qwzy7o/is_sofi_bank_worth_it_for_a_student_looking_for/
SOFI,sofi,2026-02-05,Why can‚Äôt I download the document,4,3,0.7,1770328258.0,/r/sofi/comments/1qwyu7x/why_cant_i_download_the_document/
SOFI,sofi,2026-02-05,Does SoFi allow Lot Selection Method when selling options?,1,8,0.67,1770327370.0,/r/sofi/comments/1qwyg52/does_sofi_allow_lot_selection_method_when_selling/
SOFI,sofi,2026-02-05,Credit Card - Declining,3,7,1.0,1770324673.0,/r/sofi/comments/1qwx786/credit_card_declining/
SOFI,sofi,2026-02-05,What is this??? Is 2% match on IRA contributions ending? Whatttttt?,14,21,0.73,1770316836.0,/r/sofi/comments/1qwtluv/what_is_this_is_2_match_on_ira_contributions/
SOFI,sofi,2026-02-05,So I just opened a Sofi invest account....,4,10,0.7,1770315130.0,/r/sofi/comments/1qwst1c/so_i_just_opened_a_sofi_invest_account/
SOFI,sofi,2026-02-05,Loan offer when opening the app,2,2,0.76,1770313117.0,/r/sofi/comments/1qwrud9/loan_offer_when_opening_the_app/
SOFI,sofi,2026-02-05,Loan process is soooo slow,0,5,0.43,1770312748.0,/r/sofi/comments/1qwroc8/loan_process_is_soooo_slow/
SOFI,sofi,2026-02-05,"SoFi is down 40% in the last 6 months, CEO buys $200k of $BEN",0,5,0.27,1770286010.0,/r/sofi/comments/1qwhewm/sofi_is_down_40_in_the_last_6_months_ceo_buys/
SOFI,sofi,2026-02-05,Is SoFi going to take responsibility for the payment outage?,0,20,0.36,1770263943.0,/r/sofi/comments/1qwavxr/is_sofi_going_to_take_responsibility_for_the/
SOFI,sofi,2026-02-05,Sofi sent me 200$,0,4,0.36,1770262891.0,/r/sofi/comments/1qwai7m/sofi_sent_me_200/
SOFI,sofi,2026-02-05,When can I finally get direct deposit into crypto?,2,2,0.75,1770255580.0,/r/sofi/comments/1qw7rrt/when_can_i_finally_get_direct_deposit_into_crypto/
SOFI,sofi,2026-02-04,Mortgage,3,6,0.72,1770244477.0,/r/sofi/comments/1qw3cad/mortgage/
SOFI,sofi,2026-02-04,SoFi debit card transactions not working for anyone else?,23,59,0.88,1770244230.0,/r/sofi/comments/1qw38cl/sofi_debit_card_transactions_not_working_for/
SOFI,sofi,2026-02-04,Card was declined at Costco,43,59,0.86,1770243572.0,/r/sofi/comments/1qw2y09/card_was_declined_at_costco/
SOFI,sofi,2026-02-04,Value from 120/yr Sofi Plus?,0,40,0.41,1770237857.0,/r/sofi/comments/1qw0cvy/value_from_120yr_sofi_plus/
SOFI,SOFIstock,2026-02-14,Tannor‚Äôs points here really help quell negativity around the current stock price IMO.,52,18,0.93,1771106177.0,/r/sofistock/comments/1r4x410/tannors_points_here_really_help_quell_negativity/
SOFI,SOFIstock,2026-02-14,"SoFi Weekend Chat - February 14-February 15, 2026",16,16,0.95,1771056092.0,/r/sofistock/comments/1r4ez5u/sofi_weekend_chat_february_14february_15_2026/
SOFI,SOFIstock,2026-02-13,"So close to 4K shares, show me those SoFi shares for motivation in the comments. Happy Friday!!",81,80,0.92,1770995957.0,/r/sofistock/comments/1r3rwcp/so_close_to_4k_shares_show_me_those_sofi_shares/
SOFI,SOFIstock,2026-02-13,"SoFi Daily Chat - February 13, 2026",15,91,0.95,1770969680.0,/r/sofistock/comments/1r3jf34/sofi_daily_chat_february_13_2026/
SOFI,SOFIstock,2026-02-12,the never ending dip,78,80,0.92,1770914613.0,/r/sofistock/comments/1r2ye0a/the_never_ending_dip/
SOFI,SOFIstock,2026-02-12,"SoFi's First Global Crypto Expansion Empowers Members with a Seamless, Integrated Experience",22,5,0.97,1770913907.0,/r/sofistock/comments/1r2y2pw/sofis_first_global_crypto_expansion_empowers/
SOFI,SOFIstock,2026-02-12,Noto playing in the Pebble Beach Pro Am this weekend.,38,4,0.95,1770909818.0,/r/sofistock/comments/1r2wa27/noto_playing_in_the_pebble_beach_pro_am_this/
SOFI,SOFIstock,2026-02-12,"SoFi Daily Chat - February 12, 2026",24,143,1.0,1770883264.0,/r/sofistock/comments/1r2nnid/sofi_daily_chat_february_12_2026/
SOFI,SOFIstock,2026-02-11,How many shares you own?,62,159,0.94,1770829009.0,/r/sofistock/comments/1r22qtm/how_many_shares_you_own/
SOFI,SOFIstock,2026-02-11,"SoFi Daily Chat - February 11, 2026",20,81,0.95,1770796806.0,/r/sofistock/comments/1r1rftv/sofi_daily_chat_february_11_2026/
SOFI,SOFIstock,2026-02-10,"SoFi Daily Chat - February 10, 2026",24,52,0.97,1770710462.0,/r/sofistock/comments/1r0uwmq/sofi_daily_chat_february_10_2026/
SOFI,SOFIstock,2026-02-09,Citizens JMP upgraded SoFi to Outperform from Market Perform with a $30 price target.,102,8,0.98,1770651766.0,/r/sofistock/comments/1r07jhp/citizens_jmp_upgraded_sofi_to_outperform_from/
SOFI,SOFIstock,2026-02-09,"SoFi Daily Chat - February 09, 2026",29,46,1.0,1770624072.0,/r/sofistock/comments/1qzyfbk/sofi_daily_chat_february_09_2026/
SOFI,SOFIstock,2026-02-08,Continuation of Reversal likely Next Week,72,22,0.93,1770579106.0,/r/sofistock/comments/1qzicfp/continuation_of_reversal_likely_next_week/
SOFI,SOFIstock,2026-02-08,How are you thinking about valuation?,26,14,0.96,1770532508.0,/r/sofistock/comments/1qz1q4r/how_are_you_thinking_about_valuation/
SOFI,SOFIstock,2026-02-07,Traditional IRA positions,53,9,0.93,1770477745.0,/r/sofistock/comments/1qygigx/traditional_ira_positions/
SOFI,SOFIstock,2026-02-07,I still love this stock,152,18,0.95,1770461082.0,/r/sofistock/comments/1qyaq7r/i_still_love_this_stock/
SOFI,SOFIstock,2026-02-07,"SoFi Weekend Chat - February 07-February 08, 2026",21,30,0.93,1770451291.0,/r/sofistock/comments/1qy83gl/sofi_weekend_chat_february_07february_08_2026/
SOFI,SOFIstock,2026-02-07,"SoFi Technologies general counsel Lavet buys 5,000 shares of common stock on at a price of $21.044",91,16,0.98,1770429749.0,/r/sofistock/comments/1qy12wj/sofi_technologies_general_counsel_lavet_buys_5000/
SOFI,SOFIstock,2026-02-06,ANTHONY NOTO INTERVIEW!!!,192,46,0.98,1770414496.0,/r/sofistock/comments/1qxv0gv/anthony_noto_interview/
SOFI,SOFIstock,2026-02-06,üö® From SoFi üö® ‚ÄúThe Benefits of Our Recent Opportunistic Capital Raises‚Äù,66,23,0.99,1770384277.0,/r/sofistock/comments/1qxhj3p/from_sofi_the_benefits_of_our_recent/
SOFI,SOFIstock,2026-02-06,"This too shall pass, in this together üíé",56,16,0.98,1770366999.0,/r/sofistock/comments/1qxcb0y/this_too_shall_pass_in_this_together/
SOFI,SOFIstock,2026-02-06,"SoFi Daily Chat - February 06, 2026",21,130,0.96,1770364862.0,/r/sofistock/comments/1qxbqbr/sofi_daily_chat_february_06_2026/
SOFI,SOFIstock,2026-02-06,Returns,43,23,0.95,1770364502.0,/r/sofistock/comments/1qxbmp0/returns/
SOFI,SOFIstock,2026-02-06,"SOFI EVP Bought 5,000 Shares of SOFI, Is Noto Next",86,36,0.99,1770338070.0,/r/sofistock/comments/1qx2tqq/sofi_evp_bought_5000_shares_of_sofi_is_noto_next/
SOFI,SOFIstock,2026-02-05,Sorry guys I bought Sofi that‚Äôs why it crashed after great earnings,152,88,0.94,1770304216.0,/r/sofistock/comments/1qwnsav/sorry_guys_i_bought_sofi_thats_why_it_crashed/
SOFI,SOFIstock,2026-02-05,Should have stayed disciplined,28,17,0.97,1770302506.0,/r/sofistock/comments/1qwn1yf/should_have_stayed_disciplined/
SOFI,SOFIstock,2026-02-05,"SoFi Daily Chat - February 05, 2026",27,316,0.94,1770278474.0,/r/sofistock/comments/1qwfems/sofi_daily_chat_february_05_2026/
SOFI,SOFIstock,2026-02-04,"SoFi, Coinbase, and Robinhood Stocks Are Falling. The Fintech Rally Loses Steam.",55,38,0.91,1770235746.0,/r/sofistock/comments/1qvzdw6/sofi_coinbase_and_robinhood_stocks_are_falling/
SOFI,SOFIstock,2026-02-04,Sofi among top 2 picks in fintech,90,38,0.98,1770224300.0,/r/sofistock/comments/1qvtzuo/sofi_among_top_2_picks_in_fintech/
SOFI,SOFIstock,2026-02-04,"SoFi Daily Chat - February 04, 2026",26,250,0.96,1770192037.0,/r/sofistock/comments/1qvins8/sofi_daily_chat_february_04_2026/
SOFI,SOFIstock,2026-02-03,"Deutsche Bank Trims Price Target on SoFi Technologies to $26 From $27, Keeps Hold Rating",39,13,1.0,1770149644.0,/r/sofistock/comments/1qv2ujb/deutsche_bank_trims_price_target_on_sofi/
SOFI,SOFIstock,2026-02-03,JPMorgan upgrades SoFi stock to Overweight with $31 price target,125,22,0.99,1770134153.0,/r/sofistock/comments/1quvnwt/jpmorgan_upgrades_sofi_stock_to_overweight_with/
SOFI,SOFIstock,2026-02-03,All ye faithless new. Let me speak to you of the Old Magics.,121,30,0.94,1770131008.0,/r/sofistock/comments/1quu9gu/all_ye_faithless_new_let_me_speak_to_you_of_the/
SOFI,SOFIstock,2026-02-03,SoFi is closing their next 500 midcap fund,43,6,0.92,1770110388.0,/r/sofistock/comments/1qundd5/sofi_is_closing_their_next_500_midcap_fund/
SOFI,SOFIstock,2026-02-03,"SoFi Daily Chat - February 03, 2026",28,183,1.0,1770105660.0,/r/sofistock/comments/1qum4i0/sofi_daily_chat_february_03_2026/
SOFI,SOFIstock,2026-02-02,Needham lowers SoFi stock price target to $33 on fintech valuation concerns,39,10,0.93,1770066673.0,/r/sofistock/comments/1qu7tqu/needham_lowers_sofi_stock_price_target_to_33_on/
SOFI,SOFIstock,2026-02-02,"Citizens reiterates Market Perform rating on SoFi stock, citing innovation",54,5,1.0,1770048279.0,/r/sofistock/comments/1qtz2wv/citizens_reiterates_market_perform_rating_on_sofi/
SOFI,SOFIstock,2026-02-02,New revenue stream for SoFi,53,7,0.98,1770045475.0,/r/sofistock/comments/1qtxsu1/new_revenue_stream_for_sofi/
SOFI,SOFIstock,2026-02-02,Current holdings.. how cooked am I?,17,42,0.81,1770038564.0,/r/sofistock/comments/1qtuwfm/current_holdings_how_cooked_am_i/
SOFI,SOFIstock,2026-02-02,"SoFi Daily Chat - February 02, 2026",20,133,1.0,1770019269.0,/r/sofistock/comments/1qtp37k/sofi_daily_chat_february_02_2026/
SOFI,SOFIstock,2026-02-01,SoFi Technologies price target lowered to $20 from $20.50 at BofA,54,61,0.91,1769969342.0,/r/sofistock/comments/1qt5t7f/sofi_technologies_price_target_lowered_to_20_from/
IONQ,vintageaudio,2026-02-15,1967 Telefunken Deluxe System (Turntable + Radio + Matching Speakers) -100% Original - Single family owner since new ! Restoration advice needed,1,0,1.0,1771146559.0,/r/vintageaudio/comments/1r5a4pn/1967_telefunken_deluxe_system_turntable_radio/
IONQ,stocks,2026-02-05,Small/Mid cap - Mega Cap,2,15,0.75,1770322552.0,/r/stocks/comments/1qww8qm/smallmid_cap_mega_cap/
IONQ,StockMarket,2026-02-05,Small/Mid cap to Future Mega Caps Plays,0,7,0.5,1770322850.0,/r/StockMarket/comments/1qwwdiu/smallmid_cap_to_future_mega_caps_plays/
IONQ,options,2026-02-11,Margin Deficit Issue,0,2,0.18,1770771892.0,/r/options/comments/1r1j66w/margin_deficit_issue/
IONQ,IonQ,2026-02-15,The Next Tech Dawn: Quantum Computing &amp; Real-World Applications,1,0,1.0,1771141893.0,/r/IonQ/comments/1r58viy/the_next_tech_dawn_quantum_computing_realworld/
IONQ,IonQ,2026-02-14,"For quantum computing, Secretary Bessent's policy reversal in 2026 is far more impactful than Jensen Huang's pivot in 2025. Here is the rigorous justification:",14,7,0.85,1771092647.0,/r/IonQ/comments/1r4rkpx/for_quantum_computing_secretary_bessents_policy/
IONQ,IonQ,2026-02-13,Why is the current performance of U.S. quantum computing stocks considered a national embarrassment?,20,27,0.75,1771012255.0,/r/IonQ/comments/1r3z780/why_is_the_current_performance_of_us_quantum/
IONQ,IonQ,2026-02-13,Q-Day imminent,23,2,0.96,1771010386.0,/r/IonQ/comments/1r3ydkh/qday_imminent/
IONQ,IonQ,2026-02-12,Sentiment on earnings on Feb.25 2026,8,12,1.0,1770868712.0,/r/IonQ/comments/1r2jb83/sentiment_on_earnings_on_feb25_2026/
IONQ,IonQ,2026-02-11,"„ÄêDeep Dive„Äë Escaping the ""Financial Virus"": The Quantum Singularity is the Ultimate Driver of Market Self-Repair",5,0,1.0,1770839400.0,/r/IonQ/comments/1r27l33/deep_dive_escaping_the_financial_virus_the/
IONQ,IonQ,2026-02-11,Citi Puts a Multi-Trillion-Dollar Price Tag on the Quantum Cybersecurity Threat,19,1,1.0,1770791568.0,/r/IonQ/comments/1r1pzel/citi_puts_a_multitrilliondollar_price_tag_on_the/
IONQ,IonQ,2026-02-11,$IonQ üéôÔ∏è The Estonian podcast ‚ÄúKukkuv √µun‚Äù just broke down one of the biggest tech exits in UK history.,15,0,1.0,1770770625.0,/r/IonQ/comments/1r1ip08/ionq_the_estonian_podcast_kukkuv_√µun_just_broke/
IONQ,IonQ,2026-02-11,$IonQ üéôÔ∏è Roland Matt ‚Äî Senior Quantum Architect @OxfordIonics (an @IonQ_Inc company),9,0,1.0,1770770543.0,/r/IonQ/comments/1r1inuw/ionq_roland_matt_senior_quantum_architect/
IONQ,IonQ,2026-02-10,https://x.com/techinnovationz/status/2020853823187587473?s=42,5,2,1.0,1770766718.0,/r/IonQ/comments/1r1h5ea/httpsxcomtechinnovationzstatus2020853823187587473s/
IONQ,IonQ,2026-02-10,$IonQ  üá≥üá¥‚Äî THE WORLD‚ÄôS LARGEST SOVEREIGN WEALTH FUND JUST ENTERED!,34,0,0.93,1770758172.0,/r/IonQ/comments/1r1dgrq/ionq_the_worlds_largest_sovereign_wealth_fund/
IONQ,IonQ,2026-02-10,De Masi: Quantum systems will be far more energy efficient than classical AI,20,1,1.0,1770705329.0,/r/IonQ/comments/1r0ti4t/de_masi_quantum_systems_will_be_far_more_energy/
IONQ,IonQ,2026-02-09,India Reveals National Plan for Quantum-Safe Security,7,0,0.89,1770646570.0,/r/IonQ/comments/1r05bo5/india_reveals_national_plan_for_quantumsafe/
IONQ,IonQ,2026-02-08,Questions on IonQ's roadmap,18,23,0.91,1770587106.0,/r/IonQ/comments/1qzlv6u/questions_on_ionqs_roadmap/
IONQ,IonQ,2026-02-08,Why Vitalik Buterin Is Paying Close Attention to Quantum Computing Stocks,9,2,0.8,1770572278.0,/r/IonQ/comments/1qzf8j1/why_vitalik_buterin_is_paying_close_attention_to/
IONQ,IonQ,2026-02-08,$IonQ  &amp; Maryland‚Äôs $1 Billion+ Quantum Hub: ‚ÄúLighthouse Industry‚Äù Strategy üèõÔ∏è‚öõÔ∏è,24,2,1.0,1770571638.0,/r/IonQ/comments/1qzey2k/ionq_marylands_1_billion_quantum_hub_lighthouse/
IONQ,IonQ,2026-02-08,$IonQ $BBAI Portfolio Company Heven AeroTech Recruits Defense AI Veteran üöÅü§ñ,6,0,0.88,1770560045.0,/r/IonQ/comments/1qz9yjx/ionq_bbai_portfolio_company_heven_aerotech/
IONQ,IonQ,2026-02-08,$IonQ UPDATE on IonQ‚Äôs South Korea Partnership,8,0,1.0,1770557504.0,/r/IonQ/comments/1qz8zpf/ionq_update_on_ionqs_south_korea_partnership/
IONQ,IonQ,2026-02-07,$IonQ üßµ Quantum Weekly | Feb 2‚Äì6,13,0,0.93,1770470346.0,/r/IonQ/comments/1qydlpf/ionq_quantum_weekly_feb_26/
IONQ,IonQ,2026-02-07,Google Calls on Governments and Industry to Prepare Now for Quantum-Era Cybersecurity,29,0,1.0,1770450494.0,/r/IonQ/comments/1qy7vc5/google_calls_on_governments_and_industry_to/
IONQ,IonQ,2026-02-06,"Quantum Dominance - How IonQ Is Vertically Integrating Quantum | SkyWater, Oxford, Capella",24,1,0.91,1770393824.0,/r/IonQ/comments/1qxlm7k/quantum_dominance_how_ionq_is_vertically/
IONQ,IonQ,2026-02-06,"For real guys, someone validate the Capella Space &amp; Skyloom acquisitions for me please",4,13,0.75,1770341209.0,/r/IonQ/comments/1qx404d/for_real_guys_someone_validate_the_capella_space/
IONQ,IonQ,2026-02-05,Superconductors can‚Äôt scale clean benchmarks and require extreme data massaging to claim high fidelity for large circuit widths,21,11,0.9,1770289599.0,/r/IonQ/comments/1qwifs7/superconductors_cant_scale_clean_benchmarks_and/
IONQ,IonQ,2026-02-04,"Quantum Technologies, Part Two: Recognizing Risks and Threats to National Security and Defense",11,0,0.87,1770241411.0,/r/IonQ/comments/1qw1zfz/quantum_technologies_part_two_recognizing_risks/
IONQ,IonQ,2026-02-04,"Quantum computers could break Dutch encryption by 2030, Court of Audit warns",24,0,0.97,1770233385.0,/r/IonQ/comments/1qvyaho/quantum_computers_could_break_dutch_encryption_by/
IONQ,IonQ,2026-02-04,"IonQ to Report Fourth Quarter and Full Year 2025 Financial Results on February 25, 2026",20,1,1.0,1770220383.0,/r/IonQ/comments/1qvs74s/ionq_to_report_fourth_quarter_and_full_year_2025/
IONQ,IonQ,2026-02-04,White House Drafting Executive Order to Reshape U.S. Quantum Policy,30,1,0.97,1770208548.0,/r/IonQ/comments/1qvnehb/white_house_drafting_executive_order_to_reshape/
IONQ,IonQ,2026-02-04,Is Quantum Computing The Next Big Tech Shift?,21,10,1.0,1770185981.0,/r/IonQ/comments/1qvgy4d/is_quantum_computing_the_next_big_tech_shift/
IONQ,IonQ,2026-02-03,IonQ Acquisition: Skywater Technology Financials - Quarterly Results,21,1,0.92,1770139063.0,/r/IonQ/comments/1quxxjk/ionq_acquisition_skywater_technology_financials/
IONQ,IonQ,2026-02-03,"FormationQ, Cambridge, and IonQ Collaborate on Applied Quantum Work",15,2,0.9,1770138444.0,/r/IonQ/comments/1quxn3k/formationq_cambridge_and_ionq_collaborate_on/
IONQ,IonQ,2026-02-03,Abnormal Activity,29,18,0.95,1770124178.0,/r/IonQ/comments/1qurhxf/abnormal_activity/
