symbol,subreddit,post_count,total_comments,total_score
IONQ,IonQ,31,137,507
IONQ,stocks,1,15,2
IONQ,StockMarket,1,7,0
IONQ,options,1,2,0
IONQ,vintageaudio,1,0,1
SOFI,SOFIstock,42,2425,2413
SOFI,sofi,100,1274,942
SOFI,wallstreetbets,2,415,531
SOFI,stocks,3,191,345
SOFI,options,2,86,39
SOFI,canon,1,18,0
SOFI,Austria,1,9,14
SOFI,irishpersonalfinance,1,9,5
SOFI,Bangkok,1,7,0
SOFI,GeminiAI,1,5,3
SOFI,CriticalMineralStocks,1,4,0
SOFI,Honor,1,4,3
SOFI,IndianTeenagers,1,4,1
SOFI,caloriecount,1,4,1
SOFI,investing,1,4,5
SOFI,bloxfruits,1,3,0
SOFI,oneplusnord,1,3,2
SOFI,stealabrainrot,1,3,1
SOFI,ArcRaidersMarketplace,2,2,2
SOFI,ClimbingCircleJerk,1,2,18
SOFI,ForzaHorizon,1,2,0
SOFI,LandCruisers,1,2,3
SOFI,Metroid,1,2,2
SOFI,PHGamers,1,2,1
SOFI,Pennystock,1,2,2
SOFI,SovolSV08,1,2,1
SOFI,Superstonk,1,2,6
SOFI,Talaria,1,2,1
SOFI,TwentiesIndia,1,2,2
SOFI,VosSous,1,2,1
SOFI,datarecovery,1,2,2
SOFI,developersIndia,1,2,1
SOFI,herbalism,1,2,2
SOFI,personalfinanceindia,1,2,0
SOFI,wallstreetbetsGER,1,2,1
SOFI,AliExpressCode,1,1,20
SOFI,BrevilleCoffee,1,1,1
SOFI,Cairn_Game,1,1,5
SOFI,CostcoUK,1,1,1
SOFI,Endfield,1,1,1
SOFI,Market76,1,1,1
SOFI,NSEbets,1,1,1
SOFI,Prebuilts,1,1,1
SOFI,UKPersonalFinance,2,1,2
SOFI,arc_traiders,1,1,1
SOFI,balatro,1,1,2
SOFI,elgato,1,1,1
SOFI,espresso,1,1,0
SOFI,skincare_ph,1,1,1
SOFI,ARCTraiders,1,0,1
SOFI,ArcTradersHQ,2,0,2
SOFI,AskBootsFound,1,0,1
SOFI,CalorieEstimates,1,0,1
SOFI,CameraRestocks,1,0,1
SOFI,CarAV,1,0,1
SOFI,CarTalkUK,1,0,1
SOFI,CheapGptplus,1,0,1
SOFI,CodiciAmicoITA,1,0,1
SOFI,CryptoReferrals,1,0,1
SOFI,Failed_Startups,1,0,1
SOFI,FischRoblox,1,0,1
SOFI,GPURestockAlerts,1,0,1
SOFI,GasBlowBack,1,0,1
SOFI,IndianBeautyTalks,1,0,0
SOFI,InnerCircleTraders,1,0,1
SOFI,KrakenRobotics,1,0,1
SOFI,M1A,1,0,2
SOFI,MiniverseRestocks,5,0,5
SOFI,MyWinterCar,1,0,1
SOFI,NinjaKitchenRestocks,1,0,1
SOFI,PMDD,1,0,1
SOFI,SimSettlements,1,0,1
SOFI,SolidMen,1,0,1
SOFI,TeamRKT,1,0,1
SOFI,TopsideMerchantUnion,1,0,1
SOFI,Webull,1,0,1
SOFI,aiHub,1,0,1
SOFI,aliexpressfinds,1,0,1
SOFI,complaints,1,0,0
SOFI,drivezonersmobile,1,0,1
SOFI,fiaustralia,1,0,1
SOFI,financialbooklet,1,0,1
SOFI,fountainpens,1,0,2
SOFI,granturismo,1,0,2
SOFI,insiderData,1,0,0
SOFI,jualbeliindonesia,1,0,1
SOFI,keto,1,0,2
SOFI,memes,1,0,2
SOFI,nethack,1,0,3
SOFI,parkingguides,2,0,2
SOFI,premarketStockTraders,1,0,2
SOFI,ramen,1,0,19
SOFI,scx30,1,0,1
SOFI,teslareferralcode,1,0,1
SOFI,tradfi,1,0,1
SOFI,u_Alternative-Bag9903,1,0,1
SOFI,u_Green-Election-6123,1,0,1
SOFI,u_NightmareNarratives-,1,0,1
